Product Name,Image URL,Product URL,Ratings,No: of Responses,price,country
Ocean Print/ Beach Print/ Coastal Print/ Blue Water Print/ Tropical Print/ Printable Art/ Seascape Print/ Serene Print/ Ocean Waves Print,https://i.etsystatic.com/15046796/c/2255/1791/369/312/il/d5569c/1267344487/il_340x270.1267344487_2ki7.jpg,https://www.etsy.com/in-en/listing/536874135/ocean-print-beach-print-coastal-print?ga_order=most_relevant&ga_search_type=all&ga_view_type=gallery&ga_search_query=&ref=sr_gallery-1-1&bes=1,4.9834,648,6.66,United States
"Pair Pearl Leaf Dangle Drops SILVER Wedding Gauges tunnels Plugs earring 8g 6g 4g 2g 0g 00g 7/16"" 1/2"" 3mm 4mm 5mm 6mm 8mm 10mm 11mm 12mm",https://i.etsystatic.com/7211822/d/il/97e48f/1716880824/il_340x270.1716880824_fyt9.jpg?version=0,https://www.etsy.com/in-en/listing/516756310/pair-pearl-leaf-dangle-drops-silver?ga_order=most_relevant&ga_search_type=all&ga_view_type=gallery&ga_search_query=&ref=sr_gallery-1-2&pro=1,4.8582,529,43.65,United States
Capture the Love Hashtag Sign - Wedding Hashtag Sign - Social Media Signs - DIY Printable Wedding Sign - Downloadable wedding #WDH101_24,https://i.etsystatic.com/13915133/d/il/dc1589/1197627300/il_340x270.1197627300_g40w.jpg?version=0,https://www.etsy.com/in-en/listing/530037131/capture-the-love-hashtag-sign-wedding?ga_order=most_relevant&ga_search_type=all&ga_view_type=gallery&ga_search_query=&ref=sr_gallery-1-3&pro=1,4.9222,"1,221",5.96,United States
"Linen Song lyric Pillow, Romantic Throw Pillow, Gift For Her, Gift For Him, Wedding Gift, 4th Anniversary, Housewarming Gift, Personalized",https://i.etsystatic.com/11563367/d/il/c0743a/1635256342/il_340x270.1635256342_nosz.jpg?version=0,https://www.etsy.com/in-en/listing/557886165/linen-song-lyric-pillow-romantic-throw?ga_order=most_relevant&ga_search_type=all&ga_view_type=gallery&ga_search_query=&ref=sr_gallery-1-4&bes=1,4.9521,"1,558",44.00,United States
Diamond Eternity Wedding Band-Diamond 1/2 carat wedding band-Wedding band yellow gold -Diamond Band-Half eternity Ring-Art deco wedding band,https://i.etsystatic.com/8484655/d/il/bf56f4/1336144056/il_340x270.1336144056_8axi.jpg?version=0,https://www.etsy.com/in-en/listing/518934322/diamond-eternity-wedding-band-diamond-12?ga_order=most_relevant&ga_search_type=all&ga_view_type=gallery&ga_search_query=&ref=sr_gallery-1-5&frs=1,4.9167,80,960.00,United States
"Be Still, My Soul Posters JPG file",https://i.etsystatic.com/11061887/d/il/bcdd44/764207607/il_340x270.764207607_i6uu.jpg?version=0,https://www.etsy.com/in-en/listing/231516010/be-still-my-soul-posters-jpg-file?ga_order=most_relevant&ga_search_type=all&ga_view_type=gallery&ga_search_query=&ref=sr_gallery-1-6&bes=1,5,349,10.62,United States
Custom Calligraphy Mr and Mrs Wedding Cake Topper-Gold,https://i.etsystatic.com/9976151/d/il/71f51f/847740437/il_340x270.847740437_p532.jpg?version=1,https://www.etsy.com/in-en/listing/251420290/custom-calligraphy-mr-and-mrs-wedding?ga_order=most_relevant&ga_search_type=all&ga_view_type=gallery&ga_search_query=&ref=sr_gallery-1-7&bes=1&col=1,4.659,"6,561",14.99,United States
Fabric Swatches | Tulle Swatches | Faux Fur | Ribbon Color Swatches | Chiffon Swatches | English Net | Pearls | Crystals | Beaded Fabric |,https://i.etsystatic.com/8880038/d/il/997e59/1011014523/il_340x270.1011014523_q1pd.jpg?version=0,https://www.etsy.com/in-en/listing/291339927/fabric-swatches-tulle-swatches-faux-fur?ga_order=most_relevant&ga_search_type=all&ga_view_type=gallery&ga_search_query=&ref=sr_gallery-1-8&bes=1,4.8978,401,0.25,United States
Food Diary Filofax Personal Inserts Printable Planner Food Journal Menu Planner Meal Planner Health Tracker Food Log Shopping List PDF,https://i.etsystatic.com/9331483/c/2426/1926/275/397/il/c16981/1418728469/il_340x270.1418728469_n2kk.jpg,https://www.etsy.com/in-en/listing/488984981/food-diary-filofax-personal-inserts?ga_order=most_relevant&ga_search_type=all&ga_view_type=gallery&ga_search_query=&ref=sr_gallery-1-9&pro=1,4.91,"1,478",2.94,United States
"Purple pencil dress, Cocktail Stand collar Cheongsam Dress, Office Keyhole Fitted Wiggle Asian dress, Chinese Mandarin Dress TAVROVSKA",https://i.etsystatic.com/12068282/c/600/476/0/110/il/c8ec25/1615466932/il_340x270.1615466932_n6y6.jpg,https://www.etsy.com/in-en/listing/279237258/purple-pencil-dress-cocktail-stand?ga_order=most_relevant&ga_search_type=all&ga_view_type=gallery&ga_search_query=&ref=sr_gallery-1-10&col=1,4.9863,170,69.89,United States
Personalized Cutting Board - Wedding Gift Bridal Shower Gift Custom Wooden Cutting Board Engraved Customized Anniversary Gift Marriage Gift,https://i.etsystatic.com/13795643/d/il/3973ad/1353165486/il_340x270.1353165486_b5y4.jpg?version=0,https://www.etsy.com/in-en/listing/487740294/personalized-cutting-board-wedding-gift?ga_order=most_relevant&ga_search_type=all&ga_view_type=gallery&ga_search_query=&ref=sr_gallery-1-11&pro=1,4.7658,426,24.65,United States
debt snowball worksheet,https://i.etsystatic.com/9265830/d/il/c4b329/1005208151/il_340x270.1005208151_c8fh.jpg?version=1,https://www.etsy.com/in-en/listing/213854982/debt-snowball-worksheet?ga_order=most_relevant&ga_search_type=all&ga_view_type=gallery&ga_search_query=&ref=sr_gallery-1-12,4.9512,307,1.18,United States
"Coffee and Tea sign, Coffee signs, Tea signs, Kitchen wall art, Kitchen decor, Coffee shop signs, Cafe signs, Kitchen signs, Cafe decor",https://i.etsystatic.com/10646389/d/il/8c80ef/1330273682/il_340x270.1330273682_fp5z.jpg?version=0,https://www.etsy.com/in-en/listing/552754204/coffee-and-tea-sign-coffee-signs-tea?ga_order=most_relevant&ga_search_type=all&ga_view_type=gallery&ga_search_query=&ref=sr_gallery-1-13,5,146,19.99,United States
Wedding printable planner stickers for Erin Condren Life Planner TM watercolor coral spring wedding flowers bride cake ring lace cut files,https://i.etsystatic.com/12160960/c/3000/2382/0/189/il/042552/1500325321/il_340x270.1500325321_ggf8.jpg,https://www.etsy.com/in-en/listing/527073161/wedding-printable-planner-stickers-for?ga_order=most_relevant&ga_search_type=all&ga_view_type=gallery&ga_search_query=&ref=sr_gallery-1-14,5,488,4.00,United States
Diamond Eternity Band in 14k Yellow Gold,https://i.etsystatic.com/5906330/d/il/5eedab/1649333833/il_340x270.1649333833_6zzb.jpg?version=1,https://www.etsy.com/in-en/listing/273938322/diamond-eternity-band-in-14k-yellow-gold?ga_order=most_relevant&ga_search_type=all&ga_view_type=gallery&ga_search_query=&ref=sr_gallery-1-15&pro=1,4.9324,751,513.00,United States
TRIANGLE EARRINGS STUDS - geometric jewelry - dark blue post earrings - geometric stud earrings -  golden glitter studs - minimalist studs,https://i.etsystatic.com/7645072/d/il/a15cb2/1696468185/il_340x270.1696468185_dey8.jpg?version=0,https://www.etsy.com/in-en/listing/279767622/triangle-earrings-studs-geometric?ga_order=most_relevant&ga_search_type=all&ga_view_type=gallery&ga_search_query=&ref=sr_gallery-1-16,4.92035920398,"3,750",6.94,United States
"Alternative wedding guest book, wood guest book, wedding decor, guest book, Wedding guest book, Wedding guest book sign, Guest book ideas",https://i.etsystatic.com/12427273/d/il/b933b9/1034843018/il_340x270.1034843018_hqkp.jpg?version=0,https://www.etsy.com/in-en/listing/292783411/alternative-wedding-guest-book-wood?ga_order=most_relevant&ga_search_type=all&ga_view_type=gallery&ga_search_query=&ref=sr_gallery-1-17&bes=1,4.7135,992,50.00,United States
Navy Blue and Blush Pink Wedding Card Box,https://i.etsystatic.com/6307328/d/il/7c4f3a/1917659049/il_340x270.1917659049_2a3f.jpg?version=0,https://www.etsy.com/in-en/listing/495827396/navy-blue-and-blush-pink-wedding-card?ga_order=most_relevant&ga_search_type=all&ga_view_type=gallery&ga_search_query=&ref=sr_gallery-1-18,4.9492,586,115.00,United States
"Abstract Art, Gift For Her, Scandi Print, Minimalist Print, Wall Decor, Dorm Decor, Black and White Wall Art Print, Scandinavian Home Decor",https://i.etsystatic.com/11396539/d/il/54437c/1239164502/il_340x270.1239164502_34ee.jpg?version=0,https://www.etsy.com/in-en/listing/542509609/abstract-art-gift-for-her-scandi-print?ga_order=most_relevant&ga_search_type=all&ga_view_type=gallery&ga_search_query=&ref=sr_gallery-1-19,4.9851,365,7.78,United States
Planner Stickers|Motorcycle Stickers in Black|Riding Stickers|Motorcycle Planning Stickers|D080,https://i.etsystatic.com/11733736/d/il/791291/1323763587/il_340x270.1323763587_8sty.jpg?version=0,https://www.etsy.com/in-en/listing/538867806/planner-stickersmotorcycle-stickers-in?ga_order=most_relevant&ga_search_type=all&ga_view_type=gallery&ga_search_query=&ref=sr_gallery-1-20&cns=1,4.9931,"8,028",4.00,United States
"Diaper Raffle Ticket, Baby Shower, Elephant, Blue and Gray, Diaper Raffle Insert, Greenery, Printable, Instant Download",https://i.etsystatic.com/12328081/d/il/0d1aa1/1384506991/il_340x270.1384506991_awa2.jpg?version=0,https://www.etsy.com/in-en/listing/554580946/diaper-raffle-ticket-baby-shower?ga_order=most_relevant&ga_search_type=all&ga_view_type=gallery&ga_search_query=&ref=sr_gallery-1-21,4.9013,594,3.26,United States
Family Necklace • Personalized Gift • Linked Circle Necklace •  Custom Children Name Rings • Eternity Necklace • Mother Gift • NM30F30,https://i.etsystatic.com/10204022/c/1161/923/163/183/il/fb2b79/1130332425/il_340x270.1130332425_rvw1.jpg,https://www.etsy.com/in-en/listing/492227219/family-necklace-personalized-gift-linked?ga_order=most_relevant&ga_search_type=all&ga_view_type=gallery&ga_search_query=&ref=sr_gallery-1-22&pro=1&col=1,4.8906,"55,399",31.50,United States
40 Holiday Celebration Stickers - Planner Stickers for Erin Condren Life Planners - H1,https://i.etsystatic.com/9724700/d/il/f7c5f0/1117822007/il_340x270.1117822007_5h4d.jpg?version=0,https://www.etsy.com/in-en/listing/254471736/40-holiday-celebration-stickers-planner?ga_order=most_relevant&ga_search_type=all&ga_view_type=gallery&ga_search_query=&ref=sr_gallery-1-23&bes=1,4.9764,"22,131",5.15,United States
Wool Poncho~ Unisex ~,https://i.etsystatic.com/6023681/d/il/63f975/1943389986/il_340x270.1943389986_b6am.jpg?version=0,https://www.etsy.com/in-en/listing/197306365/wool-poncho-unisex?ga_order=most_relevant&ga_search_type=all&ga_view_type=gallery&ga_search_query=&ref=sr_gallery-1-24&col=1,4.8627,"8,192",29.00,United States
"Reusable First & Last Day of School Sign, first day of school sign, back to school, last day of school sign, first day sign, last day sign",https://i.etsystatic.com/10428541/c/2000/1589/0/897/il/8b4356/1934766276/il_340x270.1934766276_7www.jpg,https://www.etsy.com/in-en/listing/521934616/reusable-first-last-day-of-school-sign?ga_order=most_relevant&ga_search_type=all&ga_view_type=gallery&ga_search_query=&ref=sr_gallery-1-25,4.9674,687,37.95,United States
"Blush Pink Leaves, Above Bed Wall Art, Wedding Gift, Blue Plant Print, Botanical Poster, Tropical Leaf, Digital Print Download Printable Art",https://i.etsystatic.com/11962285/d/il/3222b1/1584785996/il_340x270.1584785996_3gn7.jpg?version=0,https://www.etsy.com/in-en/listing/477367545/blush-pink-leaves-above-bed-wall-art?ga_order=most_relevant&ga_search_type=all&ga_view_type=gallery&ga_search_query=&ref=sr_gallery-1-26&bes=1,5,507,8.99,United States
"Rose gold flower cz solitaire ring, engagement ring, promise ring, wedding ring, bridal ring, statement ring, silver ring, gold ring, gift",https://i.etsystatic.com/7874461/c/1280/1280/0/0/il/a02dbc/1185641664/il_340x270.1185641664_hm1v.jpg,https://www.etsy.com/in-en/listing/171627173/rose-gold-flower-cz-solitaire-ring?ga_order=most_relevant&ga_search_type=all&ga_view_type=gallery&ga_search_query=&ref=sr_gallery-1-27&bes=1&col=1,4.8662,"1,762",75.00,United States
"Music cricut SVG vector font, Notes alphabet for Cameo Silhouette, Eps Dxf vector files PNG transparent files, Alphabet for cutting machines",https://i.etsystatic.com/12753710/d/il/284734/1107740487/il_340x270.1107740487_hh5q.jpg?version=0,https://www.etsy.com/in-en/listing/476348443/music-cricut-svg-vector-font-notes?ga_order=most_relevant&ga_search_type=all&ga_view_type=gallery&ga_search_query=&ref=sr_gallery-1-28&bes=1,4.717,526,3.41,United States
GICLEE PRINTS Art Abstract Painting Coastal Home Decor Modern Canvas Prints Gift Wall Decor LARGE sizes Beach House Art Canvas Art Print,https://i.etsystatic.com/8446099/c/776/616/472/127/il/6764ce/1278956904/il_340x270.1278956904_4255.jpg,https://www.etsy.com/in-en/listing/453164778/giclee-prints-art-abstract-painting?ga_order=most_relevant&ga_search_type=all&ga_view_type=gallery&ga_search_query=&ref=sr_gallery-1-29,4.8854,582,35.92,United States
Almost Perfect Leather Tote Bag - HUGE Sale Tote with or without Zipper Leather Tote Pocket for Women Leather Tote Zipper Pebble Leather Bag,https://i.etsystatic.com/10046543/c/2061/1638/202/493/il/3c422c/1946850094/il_340x270.1946850094_9ysx.jpg,https://www.etsy.com/in-en/listing/490107499/almost-perfect-leather-tote-bag-huge?ga_order=most_relevant&ga_search_type=all&ga_view_type=gallery&ga_search_query=&ref=sr_gallery-1-30&pro=1&col=1,4.9596,"19,594",78.40,United States
"SnapChat Geofilter, Wedding SnapChat Filter, INSTANT DOWNLOAD, 100% Editable Text, Self-Editing Template, Mr and Mrs Filter, DIY  #034-103GF",https://i.etsystatic.com/12605359/c/923/733/131/318/il/16f9b5/1325346789/il_340x270.1325346789_q4e5.jpg,https://www.etsy.com/in-en/listing/553104439/snapchat-geofilter-wedding-snapchat?ga_order=most_relevant&ga_search_type=all&ga_view_type=gallery&ga_search_query=&ref=sr_gallery-1-31&pro=1,4.9774,"4,933",7.02,United States
"HC1 Happy Camper Camping Stickers, Adventure Stickers, Water Bottle Sticker, Outdoorsy Stickers, Luggage Stickers, Wanderlust Gift",https://i.etsystatic.com/5614950/d/il/838499/1464734576/il_340x270.1464734576_npej.jpg?version=0,https://www.etsy.com/in-en/listing/511022633/hc1-happy-camper-camping-stickers?ga_order=most_relevant&ga_search_type=all&ga_view_type=gallery&ga_search_query=&ref=sr_gallery-1-32&bes=1,4.9707,771,3.94,United States
Unique Mothers Day Gift Ideas for 2019 Mother of the Bride Gift Fathers Day Gift from Daughter Gifts for Mom Gift Mother's Day Gift for wife,https://i.etsystatic.com/10292589/c/3000/2382/0/113/il/2a0e52/1849965390/il_340x270.1849965390_f9x0.jpg,https://www.etsy.com/in-en/listing/385197556/unique-mothers-day-gift-ideas-for-2019?ga_order=most_relevant&ga_search_type=all&ga_view_type=gallery&ga_search_query=&ref=sr_gallery-1-33&bes=1,4.9571,"9,177",18.00,United States
Panda Watercolor Art Print  - Home Living - Animal Painting - Panda Poster - Wall Decor - Home Decor - House Warming Gift [1],https://i.etsystatic.com/12477765/d/il/a79f9a/1906514174/il_340x270.1906514174_b57k.jpg?version=0,https://www.etsy.com/in-en/listing/478943508/panda-watercolor-art-print-home-living?ga_order=most_relevant&ga_search_type=all&ga_view_type=gallery&ga_search_query=&ref=sr_gallery-1-34&pro=1,4.8701,501,10.36,United States
GREEN GRAMMAR PENCILS Back to School English Teacher Gift Graduation Stocking Stuffer Coloured Pencil Set Present Colourful Retro Hex Gold,https://i.etsystatic.com/7375765/d/il/632af5/908306134/il_340x270.908306134_4xug.jpg?version=1,https://www.etsy.com/in-en/listing/264968897/green-grammar-pencils-back-to-school?ga_order=most_relevant&ga_search_type=all&ga_view_type=gallery&ga_search_query=&ref=sr_gallery-1-35&bes=1,4.9638,"5,508",9.70,United States
"Wedding Gift, Wedding Gifts, Personalized Pillow, Newlywed Gift, Engagement Gift, Rustic Wedding Gift, Burlap Pillow, Gift for bride",https://i.etsystatic.com/7384426/d/il/844bc6/1761380268/il_340x270.1761380268_acag.jpg?version=1,https://www.etsy.com/in-en/listing/521246292/wedding-gift-wedding-gifts-personalized?ga_order=most_relevant&ga_search_type=all&ga_view_type=gallery&ga_search_query=&ref=sr_gallery-1-36&bes=1&col=1,4.9668,"6,211",28.00,United States
Zodiac Jewelry Celestial Personalized Jewelry Best Friend Gift Constellation Necklace Zodiac Necklace Capricorn Zodiac Birthdays Gift -ZCPN,https://i.etsystatic.com/10158348/d/il/ab2202/1542557293/il_340x270.1542557293_7g96.jpg?version=0,https://www.etsy.com/in-en/listing/521568980/zodiac-jewelry-celestial-personalized?ga_order=most_relevant&ga_search_type=all&ga_view_type=gallery&ga_search_query=&ref=sr_gallery-1-37&pro=1,4.8875,"44,417",16.98,United States
Faux Leather Brown Backpack - Vegan Backpack - Water Resistant - Vegan Leather - Rustic Leather - Distressed Leather - Boho Bag - Gift Ideas,https://i.etsystatic.com/13961793/c/1125/894/0/427/il/35418c/1119348055/il_340x270.1119348055_boeq.jpg,https://www.etsy.com/in-en/listing/488795617/faux-leather-brown-backpack-vegan?ga_order=most_relevant&ga_search_type=all&ga_view_type=gallery&ga_search_query=&ref=sr_gallery-1-38&bes=1&col=1,4.872,439,79.00,United States
"Printable Wall Art Prints,Printable Art,Printable Quote,Instant Download,Motivational Print,Motivation Wall Decor,Be A Nice Human,Be Nice",https://i.etsystatic.com/14253538/d/il/bba104/1363683923/il_340x270.1363683923_gmg4.jpg?version=0,https://www.etsy.com/in-en/listing/503464981/printable-wall-art-printsprintable?ga_order=most_relevant&ga_search_type=all&ga_view_type=gallery&ga_search_query=&ref=sr_gallery-1-39&pro=1,4.95,156,3.54,United States
Boho Floral Lanyard / Baby's Breath Flowers / Girly Keychain / Pretty Lanyard / Key Lanyard / ID Badge Holder / Fabric Lanyard / Bohemian,https://i.etsystatic.com/8409382/c/787/625/102/39/il/73e675/1302297703/il_340x270.1302297703_giz4.jpg,https://www.etsy.com/in-en/listing/547091073/boho-floral-lanyard-babys-breath-flowers?ga_order=most_relevant&ga_search_type=all&ga_view_type=gallery&ga_search_query=&ref=sr_gallery-1-40&bes=1,4.3135,"2,524",9.00,United States
Premade Blogger Template - Responsive Blogger Template - Modern Blogger Template - Photographer Blogger - Minimal Blogger - White blogger,https://i.etsystatic.com/9470804/c/1500/1191/0/0/il/460cb1/1785798185/il_340x270.1785798185_55gp.jpg,https://www.etsy.com/in-en/listing/216704445/premade-blogger-template-responsive?ga_order=most_relevant&ga_search_type=all&ga_view_type=gallery&ga_search_query=&ref=sr_gallery-1-41&bes=1,5,176,3.53,United States
"Growth Mindset Classroom Decor, Classroom Wall Art, Teacher Art Prints, Prints for Teachers, Homeschool Printables, Classroom Art Prints",https://i.etsystatic.com/9091027/d/il/f787d8/1610980264/il_340x270.1610980264_b6lz.jpg?version=0,https://www.etsy.com/in-en/listing/509936939/growth-mindset-classroom-decor-classroom?ga_order=most_relevant&ga_search_type=all&ga_view_type=gallery&ga_search_query=&ref=sr_gallery-1-42,4.9592,407,8.26,United States
"Mini Happy Planner October Planner Stickers Printable,Halloween Kit Mini Happy planner, Weekly Kit,Printable Sampler,Instant download",https://i.etsystatic.com/12201097/d/il/94e05f/1278634162/il_340x270.1278634162_rd1y.jpg?version=0,https://www.etsy.com/in-en/listing/539444084/mini-happy-planner-october-planner?ga_order=most_relevant&ga_search_type=all&ga_view_type=gallery&ga_search_query=&ref=sr_gallery-1-43,4.898,955,2.36,United States
"Personalized Bracelet, Mantra Bracelet, Hidden Message Bracelet, Name Bracelet, Quote Bracelet, Cuff Bracelet, Inspirational Gift, Gold Cuff",https://i.etsystatic.com/11569128/c/1251/994/0/85/il/c94793/1941849182/il_340x270.1941849182_9tum.jpg,https://www.etsy.com/in-en/listing/290578909/personalized-bracelet-mantra-bracelet?ga_order=most_relevant&ga_search_type=all&ga_view_type=gallery&ga_search_query=&ref=sr_gallery-1-44&bes=1&col=1,4.8576,"2,917",19.95,United States
SVG Bundle Svg ALL Files in Shop Dxf Bundle Dxf in Svg Dxf formats - svg dxf png pdf eps files for Silhouette Files for Cricut Cut Files,https://i.etsystatic.com/14778878/c/750/596/378/307/il/a7e084/1964699531/il_340x270.1964699531_bvx8.jpg,https://www.etsy.com/in-en/listing/542491483/svg-bundle-svg-all-files-in-shop-dxf?ga_order=most_relevant&ga_search_type=all&ga_view_type=gallery&ga_search_query=&ref=sr_gallery-1-45&pro=1,4.9103,"1,764",23.54,United States
"Whale Painting, Watercolor Painting, Whale Print, Whale and Boat, Whale Art, Whale Nursery, Humpback Whale, Print titled, ""Fathoms Below""",https://i.etsystatic.com/8585009/c/707/561/0/45/il/18ea08/1207942531/il_340x270.1207942531_78qo.jpg,https://www.etsy.com/in-en/listing/246227091/whale-painting-watercolor-painting-whale?ga_order=most_relevant&ga_search_type=all&ga_view_type=gallery&ga_search_query=&ref=sr_gallery-1-46&bes=1,4.9931,"2,607",12.00,United States
The Sasuraibito Tarot - 78 Card Deck and booklet,https://i.etsystatic.com/5491377/c/1519/1206/166/83/il/852592/1196436458/il_340x270.1196436458_9ipe.jpg,https://www.etsy.com/in-en/listing/502680632/the-sasuraibito-tarot-78-card-deck-and?ga_order=most_relevant&ga_search_type=all&ga_view_type=gallery&ga_search_query=&ref=sr_gallery-1-47&bes=1,4.9944,"5,171",48.00,United States
"Family name sign wood, Dad Gift, Reclaimed Wood Personalized Family Name Signs, Anniversary Gift for Her, Gift for Wife",https://i.etsystatic.com/10442546/d/il/f77a4e/1861481448/il_340x270.1861481448_j48w.jpg?version=0,https://www.etsy.com/in-en/listing/493349587/family-name-sign-wood-dad-gift-reclaimed?ga_order=most_relevant&ga_search_type=all&ga_view_type=gallery&ga_search_query=&ref=sr_gallery-1-48&bes=1&col=1,4.9661,"1,422",29.00,United States
"Soon You Will Be My Sister Card, Bridesmaid Proposal Card, Will You Be My Bridesmaid Card, Sister Card - (FPS0056)",https://i.etsystatic.com/13153694/c/2192/1741/589/248/il/2fe598/1697351786/il_340x270.1697351786_8g0s.jpg,https://www.etsy.com/in-en/listing/519391850/soon-you-will-be-my-sister-card?ga_order=most_relevant&ga_search_type=all&ga_view_type=gallery&ga_search_query=&ref=sr_gallery-2-1&bes=1&col=1,4.9849,"8,218",3.99,United States
Colorblock purse. Hobo bag with Design your own choices cross body purse or shoulder bag medium or large. Now with more color combo choices,https://i.etsystatic.com/6171333/d/il/231f5b/1060551907/il_340x270.1060551907_pnia.jpg?version=0,https://www.etsy.com/in-en/listing/270951643/colorblock-purse-hobo-bag-with-design?ga_order=most_relevant&ga_search_type=all&ga_view_type=gallery&ga_search_query=&ref=sr_gallery-2-2&pro=1&col=1,4.943,"2,655",25.50,United States
Rock Climbing Mug #1,https://i.etsystatic.com/10298258/d/il/c1f6ca/1175405953/il_340x270.1175405953_thmx.jpg?version=0,https://www.etsy.com/in-en/listing/260297023/rock-climbing-mug-1?ga_order=most_relevant&ga_search_type=all&ga_view_type=gallery&ga_search_query=&ref=sr_gallery-2-3&col=1,4.9717,"1,186",31.99,United States
"Painting ballerina 55"" original painting on canvas, figure painting, thick oil paint, extremely special, Express Shipping, By Koby Feldmos",https://i.etsystatic.com/9019569/c/867/688/0/160/il/1f3cc2/1792644149/il_340x270.1792644149_q2hp.jpg,https://www.etsy.com/in-en/listing/192994478/painting-ballerina-55-original-painting?ga_order=most_relevant&ga_search_type=all&ga_view_type=gallery&ga_search_query=&ref=sr_gallery-2-4,4.9762,"1,145",620.00,United States
"Echeveria laui, 10 seeds, rare succulent, pink succulent, succulent",https://i.etsystatic.com/14856213/d/il/b395cd/1221302190/il_340x270.1221302190_ldkk.jpg?version=0,https://www.etsy.com/in-en/listing/521674235/echeveria-laui-10-seeds-rare-succulent?ga_order=most_relevant&ga_search_type=all&ga_view_type=gallery&ga_search_query=&ref=sr_gallery-2-5&bes=1,4.7517,"3,383",5.50,United States
Tassel Necklace. Leather Tassel Necklace. Turquoise Orange Aqua Tassel Necklace. Long Tassel Necklace. Boho Tassel Jewelry.,https://i.etsystatic.com/6129803/d/il/1a6d9e/1366672529/il_340x270.1366672529_1pny.jpg?version=0,https://www.etsy.com/in-en/listing/514246229/tassel-necklace-leather-tassel-necklace?ga_order=most_relevant&ga_search_type=all&ga_view_type=gallery&ga_search_query=&ref=sr_gallery-2-6&bes=1,4.9622,"2,917",40.00,United States
"Original teepee, kids teepee with nature canvas and leather tassel Door Ties",https://i.etsystatic.com/10262117/d/il/e836fc/1462265635/il_340x270.1462265635_3n56.jpg?version=0,https://www.etsy.com/in-en/listing/227694919/original-teepee-kids-teepee-with-nature?ga_order=most_relevant&ga_search_type=all&ga_view_type=gallery&ga_search_query=&ref=sr_gallery-2-7&bes=1,4.9368,"1,112",129.00,United States
Be Still My Soul Poster/Be Still My Soul Print/Bedroom Wall Art/Bedroom Print/Printable Art/ Minimalist Print/Modern Decor/ Nursery Print,https://i.etsystatic.com/15046796/d/il/f810d2/1729794980/il_340x270.1729794980_fkt3.jpg?version=0,https://www.etsy.com/in-en/listing/547449849/be-still-my-soul-posterbe-still-my-soul?ga_order=most_relevant&ga_search_type=all&ga_view_type=gallery&ga_search_query=&ref=sr_gallery-2-8,4.9834,648,6.88,United States
Celtic engagement ring-Solitaire Diamond Ring-14K Yellow Gold Promise ring-Bridal ring-FREE SHIPPING,https://i.etsystatic.com/8484655/d/il/c2667c/583587989/il_340x270.583587989_15c6.jpg?version=0,https://www.etsy.com/in-en/listing/173685830/celtic-engagement-ring-solitaire-diamond?ga_order=most_relevant&ga_search_type=all&ga_view_type=gallery&ga_search_query=&ref=sr_gallery-2-9&frs=1,4.9167,80,850.00,United States
London Blue Topaz 14k Gold Earrings,https://i.etsystatic.com/5906330/d/il/e04853/1926353172/il_340x270.1926353172_cc4o.jpg?version=1,https://www.etsy.com/in-en/listing/258059493/london-blue-topaz-14k-gold-earrings?ga_order=most_relevant&ga_search_type=all&ga_view_type=gallery&ga_search_query=&ref=sr_gallery-2-10&pro=1,4.9324,751,133.20,United States
"VACATION Planner Personal Size (3.7""x6.7"") Gift For Her Retro Packing, Shopping List Printable pdf. Travel organizer Instant Download",https://i.etsystatic.com/9331483/d/il/76aab5/1418329465/il_340x270.1418329465_d7hu.jpg?version=0,https://www.etsy.com/in-en/listing/242008021/vacation-planner-personal-size-37x67?ga_order=most_relevant&ga_search_type=all&ga_view_type=gallery&ga_search_query=&ref=sr_gallery-2-11&pro=1,4.91,"1,478",2.94,United States
Leather Tote Bag - Personalized Tote with Zipper Option Leather Tote Pocket for Women Zipper Available Leather Tote SALE monogram Bag Purse,https://i.etsystatic.com/10046543/c/2000/1589/0/239/il/8f0310/1907512546/il_340x270.1907512546_bg1s.jpg,https://www.etsy.com/in-en/listing/461450578/leather-tote-bag-personalized-tote-with?ga_order=most_relevant&ga_search_type=all&ga_view_type=gallery&ga_search_query=&ref=sr_gallery-2-12&pro=1,4.9596,"19,594",98.00,United States
"Know your limits but never accept them, SVG text, Iron on, vector text, Silhouette text, Cricut file, Eps Pdf Svg Png Dxf vector quote",https://i.etsystatic.com/12753710/d/il/2c451a/1107865541/il_340x270.1107865541_b9do.jpg?version=0,https://www.etsy.com/in-en/listing/477357521/know-your-limits-but-never-accept-them?ga_order=most_relevant&ga_search_type=all&ga_view_type=gallery&ga_search_query=&ref=sr_gallery-2-13,4.717,526,3.41,United States
"Circle Earrings | simple drop earrings, simple silver circle earrings, simple gold earrings, Minimalist Earrings, gold round earrings, hoop",https://i.etsystatic.com/11906615/d/il/37bb50/1922972538/il_340x270.1922972538_aukv.jpg?version=0,https://www.etsy.com/in-en/listing/452301908/circle-earrings-simple-drop-earrings?ga_order=most_relevant&ga_search_type=all&ga_view_type=gallery&ga_search_query=&ref=sr_gallery-2-14&bes=1,4.8164,"9,593",10.00,United States
"Minimalist Bedroom, Minimal Poster Print, Minimal Art Poster, Extra Large Art, Minimalist Poster, Minimalist Living, Printable Art, Gallery",https://i.etsystatic.com/11396539/c/921/732/131/325/il/5c0fc6/1526074154/il_340x270.1526074154_ggcc.jpg,https://www.etsy.com/in-en/listing/482732168/minimalist-bedroom-minimal-poster-print?ga_order=most_relevant&ga_search_type=all&ga_view_type=gallery&ga_search_query=&ref=sr_gallery-2-15,4.9851,365,7.78,United States
"Women's T Shirt I believe I can fly American Apparel tee s, m, l, xl  8 Colors Summer trends outfits clothing birds flowers style",https://i.etsystatic.com/6328311/d/il/1a63e3/473939781/il_340x270.473939781_3jre.jpg?version=0,https://www.etsy.com/in-en/listing/115121278/womens-t-shirt-i-believe-i-can-fly?ga_order=most_relevant&ga_search_type=all&ga_view_type=gallery&ga_search_query=&ref=sr_gallery-2-16&cns=1&col=1,4.9615,"2,553",28.00,United States
The Office - Threat Level Midnight Print,https://i.etsystatic.com/9168585/d/il/e90537/1285397714/il_340x270.1285397714_mvs2.jpg?version=0,https://www.etsy.com/in-en/listing/541291538/the-office-threat-level-midnight-print?ga_order=most_relevant&ga_search_type=all&ga_view_type=gallery&ga_search_query=&ref=sr_gallery-2-17&bes=1,4.8185,717,10.00,United States
"Pick Any 6 magically inspired Scented Wax Melts, Disney Inspired, home fragrance",https://i.etsystatic.com/12722081/d/il/da80e2/1996752081/il_340x270.1996752081_fux5.jpg?version=0,https://www.etsy.com/in-en/listing/287582555/pick-any-6-magically-inspired-scented?ga_order=most_relevant&ga_search_type=all&ga_view_type=gallery&ga_search_query=&ref=sr_gallery-2-18&pro=1,4.9644,"1,791",23.40,United States
Boho earrings fringe earrings tassel earrings black hoop earrings cheap shipping statement earrings,https://i.etsystatic.com/8145764/d/il/40a0fc/1092782744/il_340x270.1092782744_jjof.jpg?version=0,https://www.etsy.com/in-en/listing/490210389/boho-earrings-fringe-earrings-tassel?ga_order=most_relevant&ga_search_type=all&ga_view_type=gallery&ga_search_query=&ref=sr_gallery-2-19&bes=1&col=1,4.932,587,16.00,United States
"Print Flowery Brain collage Printed on Dictionary Book page. Wall decor art, Anatomy decor, Flower print art SKA053",https://i.etsystatic.com/6193270/c/976/779/289/113/il/987d9d/1088046600/il_340x270.1088046600_ktfe.jpg,https://www.etsy.com/in-en/listing/204726503/print-flowery-brain-collage-printed-on?ga_order=most_relevant&ga_search_type=all&ga_view_type=gallery&ga_search_query=&ref=sr_gallery-2-20,4.9158,"6,834",7.99,United States
"Desert Cactus Art,Succulent Print,Botanical Print,Wall Decor,Cactus Art,Cactus Print,Wall Art,Prints,TX,Cactus,Cactus Photography,Australia",https://i.etsystatic.com/13032542/d/il/f50cd3/1640542075/il_340x270.1640542075_ficu.jpg?version=0,https://www.etsy.com/in-en/listing/492005157/desert-cactus-artsucculent?ga_order=most_relevant&ga_search_type=all&ga_view_type=gallery&ga_search_query=&ref=sr_gallery-2-21&pro=1,4.9704,700,6.39,United States
Housewarming Gift Burlap Print Our First Home House Warming Gift Personalized Address Sign New Home Gift New Homeowner New Home Housewarming,https://i.etsystatic.com/10292589/d/il/e312ab/919543141/il_340x270.919543141_fsvr.jpg?version=0,https://www.etsy.com/in-en/listing/223236874/housewarming-gift-burlap-print-our-first?ga_order=most_relevant&ga_search_type=all&ga_view_type=gallery&ga_search_query=&ref=sr_gallery-2-22&bes=1,4.9571,"9,177",20.00,United States
Wedding Hashtag Sign V3 rustic wedding decoration Rustic Wedding Sign Rustic Wedding Decor help us capture the love (Frame NOT included),https://i.etsystatic.com/10083918/d/il/0de2cb/1298909975/il_340x270.1298909975_3g2a.jpg?version=0,https://www.etsy.com/in-en/listing/248060301/wedding-hashtag-sign-v3-rustic-wedding?ga_order=most_relevant&ga_search_type=all&ga_view_type=gallery&ga_search_query=&ref=sr_gallery-2-23&bes=1,4.9706,"15,795",4.00,United States
"REFRESH - As seen in Pottery Barn - Original wall decor, modern minimal  art, Mixed media Decorative art POSTER 8x10",https://i.etsystatic.com/6509690/c/570/452/0/136/il/02a5ba/1238600622/il_340x270.1238600622_c134.jpg,https://www.etsy.com/in-en/listing/542351285/refresh-as-seen-in-pottery-barn-original?ga_order=most_relevant&ga_search_type=all&ga_view_type=gallery&ga_search_query=&ref=sr_gallery-2-24,4.7222,427,19.00,United States
"Wedding Guest Book, Wood Guest Book, Guest Book, Photobooth Guestbook, Wooden Guest Book, Personalized Photo Album, Wedding Album 8.5""x11""",https://i.etsystatic.com/9598617/c/2303/1829/367/183/il/24a72d/1592691040/il_340x270.1592691040_gkm7.jpg,https://www.etsy.com/in-en/listing/533212969/wedding-guest-book-wood-guest-book-guest?ga_order=most_relevant&ga_search_type=all&ga_view_type=gallery&ga_search_query=&ref=sr_gallery-2-25&bes=1&col=1,4.982,"2,736",55.00,United States
Raw Citrine Crystal - Citrine Stone - Citrine Cluster - Raw Citrine stone - Healing crystals and stones - brazilian citrine stone,https://i.etsystatic.com/9859922/d/il/77ce1e/994061424/il_340x270.994061424_ac6r.jpg?version=0,https://www.etsy.com/in-en/listing/400456817/raw-citrine-crystal-citrine-stone?ga_order=most_relevant&ga_search_type=all&ga_view_type=gallery&ga_search_query=&ref=sr_gallery-2-26&bes=1,4.9268,"23,955",1.50,United States
"Giant 34"" Rose Gold Balloon Numbers/ Rose Gold Number Balloons/ XL Number Balloons/ Rose Gold Balloons/ Rose Gold Birthday Party",https://i.etsystatic.com/14538033/c/476/378/0/0/il/ca0bc5/1645513629/il_340x270.1645513629_7qs4.jpg,https://www.etsy.com/in-en/listing/525141668/giant-34-rose-gold-balloon-numbers-rose?ga_order=most_relevant&ga_search_type=all&ga_view_type=gallery&ga_search_query=&ref=sr_gallery-2-27&bes=1,4.8243,"2,526",4.70,United States
"Pink Banana Leaf, Banana Leaf Print, Banana Print, Printable Banana Leaf, Digital Download, Plant Wall Art, Banana Leaf Art Print, Leaf",https://i.etsystatic.com/12509749/d/il/b68683/1166680147/il_340x270.1166680147_s6eg.jpg?version=0,https://www.etsy.com/in-en/listing/491172376/pink-banana-leaf-banana-leaf-print?ga_order=most_relevant&ga_search_type=all&ga_view_type=gallery&ga_search_query=&ref=sr_gallery-2-28,5,262,3.53,United States
"Dancers 1 Personalized  Zippered Tote Bag with Mesh Pockets, Beach Bag, Boating, Exclusive Design",https://i.etsystatic.com/10173580/d/il/e7906c/1365713185/il_340x270.1365713185_b8xz.jpg?version=0,https://www.etsy.com/in-en/listing/549634228/dancers-1-personalized-zippered-tote-bag?ga_order=most_relevant&ga_search_type=all&ga_view_type=gallery&ga_search_query=&ref=sr_gallery-2-29&col=1,4.8031,821,30.00,United States
PAW PATROL FAVOR Tags | Skye & Everest Thank You Tags | Instant Download | Digital/Printable,https://i.etsystatic.com/11676258/d/il/c447d6/1343746310/il_340x270.1343746310_kjo3.jpg?version=0,https://www.etsy.com/in-en/listing/570070799/paw-patrol-favor-tags-skye-everest-thank?ga_order=most_relevant&ga_search_type=all&ga_view_type=gallery&ga_search_query=&ref=sr_gallery-2-30,4.9722,557,5.90,United States
Funny ANNIVERSARY card / Husband / Wife / Partner  /Humour / Banter / Fun /Rude / Cheeky / Greetingcards  - No Refunds,https://i.etsystatic.com/14752322/d/il/64d639/1206740565/il_340x270.1206740565_8za7.jpg?version=0,https://www.etsy.com/in-en/listing/517729751/funny-anniversary-card-husband-wife?ga_order=most_relevant&ga_search_type=all&ga_view_type=gallery&ga_search_query=&ref=sr_gallery-2-31&bes=1,4.9897,581,3.23,United States
"Painting Humming Bird 55"" Original oil painting on canvas, Clean Modern looks,Beautiful refreshing colors,express ship, koby feldmos",https://i.etsystatic.com/9019569/c/859/682/0/10/il/0f9cb3/1527127626/il_340x270.1527127626_acip.jpg,https://www.etsy.com/in-en/listing/193639437/painting-humming-bird-55-original-oil?ga_order=most_relevant&ga_search_type=all&ga_view_type=gallery&ga_search_query=&ref=sr_gallery-2-32,4.9762,"1,145",620.00,United States
Rustic Guest book Wedding Guest Book Wood GuestBook Wedding Calligraphy Guest Book Custom Guest Book Wedding Album Engraved Guest Book #11,https://i.etsystatic.com/12080724/d/il/9cbce5/1205749042/il_340x270.1205749042_53ac.jpg?version=0,https://www.etsy.com/in-en/listing/532511363/rustic-guest-book-wedding-guest-book?ga_order=most_relevant&ga_search_type=all&ga_view_type=gallery&ga_search_query=&ref=sr_gallery-2-33,4.9214,"1,925",28.00,United States
Indian Wedding Card Box-any colors,https://i.etsystatic.com/6307328/d/il/3a1d41/1824832264/il_340x270.1824832264_1fsl.jpg?version=0,https://www.etsy.com/in-en/listing/228892051/indian-wedding-card-box-any-colors?ga_order=most_relevant&ga_search_type=all&ga_view_type=gallery&ga_search_query=&ref=sr_gallery-2-34,4.9492,586,130.00,United States
Womens Graphic Tee - Organic Cotton Jersey T Shirt - Womens Tee Shirt - Grey Tee Shirt - Ladies Screen Printed TShirt- Falling Feathers,https://i.etsystatic.com/5137177/d/il/3a58e9/1359393756/il_340x270.1359393756_pui2.jpg?version=0,https://www.etsy.com/in-en/listing/178835174/womens-graphic-tee-organic-cotton-jersey?ga_order=most_relevant&ga_search_type=all&ga_view_type=gallery&ga_search_query=&ref=sr_gallery-2-35,4.9672,"1,576",32.00,United States
Movie Ticket Invitations - Movie Party Invitations - Hollywood Theme Party - Hollywood Party Invitations - INSTANT ACCESS! Edit NOW! Corjl,https://i.etsystatic.com/7628726/c/2308/1832/0/0/il/65b238/1471911442/il_340x270.1471911442_3ioe.jpg,https://www.etsy.com/in-en/listing/494387450/movie-ticket-invitations-movie-party?ga_order=most_relevant&ga_search_type=all&ga_view_type=gallery&ga_search_query=&ref=sr_gallery-2-36&bes=1,4.9582,"3,023",9.43,United States
Personalized Birthstone Bracelet Mother's Day Gift for MOM Family Tree Initial Bracelet Mothers Day Jewelry for Grand Mother Daughter gifts,https://i.etsystatic.com/6666729/c/884/702/300/196/il/de036a/1707160264/il_340x270.1707160264_ndl0.jpg,https://www.etsy.com/in-en/listing/474396035/personalized-birthstone-bracelet-mothers?ga_order=most_relevant&ga_search_type=all&ga_view_type=gallery&ga_search_query=&ref=sr_gallery-2-37&bes=1,4.9075,"9,277",27.00,United States
"Real Gold Foil Armadillo Wall Art Illustration Print, Texas Art, Foil Print, Animal Art Posters And Prints, Animal Lover Gift",https://i.etsystatic.com/11016697/c/2119/1682/454/240/il/2a1c63/1742773348/il_340x270.1742773348_acgc.jpg,https://www.etsy.com/in-en/listing/237155846/real-gold-foil-armadillo-wall-art?ga_order=most_relevant&ga_search_type=all&ga_view_type=gallery&ga_search_query=&ref=sr_gallery-2-38&col=1,4.9576,"1,077",13.00,United States
Personalized Bar Necklace/Hand Stamped Bar Necklace/Gold or Silver Custom Name Plate/Initial Necklace/Roman Numeral/LEILAjewelryshop,https://i.etsystatic.com/10934823/d/il/f31ffb/1315726184/il_340x270.1315726184_9q3y.jpg?version=0,https://www.etsy.com/in-en/listing/548516990/personalized-bar-necklacehand-stamped?ga_order=most_relevant&ga_search_type=all&ga_view_type=gallery&ga_search_query=&ref=sr_gallery-2-39,4.9553,"5,837",44.00,United States
New Home Housewarming Gift Our First Home Sign House Warming Gift Personalized Address Sign New House Gift New Homeowner Closing Gifts,https://i.etsystatic.com/6729824/d/il/b33dd9/745663351/il_340x270.745663351_81ab.jpg?version=2,https://www.etsy.com/in-en/listing/223066452/new-home-housewarming-gift-our-first?ga_order=most_relevant&ga_search_type=all&ga_view_type=gallery&ga_search_query=&ref=sr_gallery-2-40,4.9726,"8,674",14.00,United States
Peony Wall Art Flower Still Life Photography Dark Floral Botanical Print Pale Pink Black 8x10 16x20 // Peony Three,https://i.etsystatic.com/5254040/d/il/610380/610485608/il_340x270.610485608_fdhs.jpg?version=0,https://www.etsy.com/in-en/listing/191819781/peony-wall-art-flower-still-life?ga_order=most_relevant&ga_search_type=all&ga_view_type=gallery&ga_search_query=&ref=sr_gallery-2-41,5,"1,638",16.00,United States
Printable Escort Card Template - Place Card Template - Tent Placecards - Rustic Place Cards -  Print on Kraft - TEMPLETT - Brianna,https://i.etsystatic.com/11051284/c/636/505/192/262/il/ec2b48/1426112112/il_340x270.1426112112_kkz6.jpg,https://www.etsy.com/in-en/listing/278473490/printable-escort-card-template-place?ga_order=most_relevant&ga_search_type=all&ga_view_type=gallery&ga_search_query=&ref=sr_gallery-2-42&bes=1,4.9795,"1,033",8.95,United States
"Hourly Planner Printable: Daily Schedule - A5/A4/Letter Size, Planner Inserts, Day Organiser, Kikki K Large, Digital PDF, Instant Download",https://i.etsystatic.com/12093275/d/il/14b34a/928835099/il_340x270.928835099_11m1.jpg?version=1,https://www.etsy.com/in-en/listing/269721685/hourly-planner-printable-daily-schedule?ga_order=most_relevant&ga_search_type=all&ga_view_type=gallery&ga_search_query=&ref=sr_gallery-2-43&pro=1,4.8567,"6,983",2.89,United States
Mens T-shirt | Bear T-Shirt | Men's Graphic T Shirts | Mens Tshirt | Tshirts By Artisan Tees | Gifts for him | Bear shirt | Graphic Tee,https://i.etsystatic.com/6653808/c/1200/952/0/186/il/38ad67/1201671889/il_340x270.1201671889_e4pc.jpg,https://www.etsy.com/in-en/listing/224186775/mens-t-shirt-bear-t-shirt-mens-graphic-t?ga_order=most_relevant&ga_search_type=all&ga_view_type=gallery&ga_search_query=&ref=sr_gallery-2-44&bes=1&col=1,4.8882,"1,031",21.00,United States
Watercolor Scratch Off World Map- Travel Map (20x30in) Watercolor Art International Map - Wedding Gift,https://i.etsystatic.com/9633435/d/il/0f654c/1946213529/il_340x270.1946213529_gmpc.jpg?version=0,https://www.etsy.com/in-en/listing/519740443/watercolor-scratch-off-world-map-travel?ga_order=most_relevant&ga_search_type=all&ga_view_type=gallery&ga_search_query=&ref=sr_gallery-2-45&pro=1,4.9534,"4,572",34.15,United States
"ID Bracelet, Baby Bracelet, Personalize Baby Bracelet, Gold Bracelet, Gold Baby Bracelet , Baby Jewelry, Baby Name Bracelet",https://i.etsystatic.com/12591788/d/il/fed86d/1380010485/il_340x270.1380010485_bjml.jpg?version=0,https://www.etsy.com/in-en/listing/552783981/id-bracelet-baby-bracelet-personalize?ga_order=most_relevant&ga_search_type=all&ga_view_type=gallery&ga_search_query=&ref=sr_gallery-2-46&bes=1,4.7895,"1,058",14.99,United States
"Blush and Gold Glitter Pocket Wedding Invitations with Glitter Belly Band, Blush Wedding Invitation with Glitter, Gold and Blush Invitations",https://i.etsystatic.com/9313077/c/1500/1191/0/189/il/470949/1104134497/il_340x270.1104134497_98m3.jpg,https://www.etsy.com/in-en/listing/470413136/blush-and-gold-glitter-pocket-wedding?ga_order=most_relevant&ga_search_type=all&ga_view_type=gallery&ga_search_query=&ref=sr_gallery-2-47,4.9464,532,6.90,United States
"Personalized Lucky Penny Keychain, Girlfriend, Boyfriend, Anniversary Gift, For Him, Husband, Wife Gift, Wedding, Custom Gift,Lucky Keychain",https://i.etsystatic.com/12245668/c/1666/1323/672/819/il/740777/1842852791/il_340x270.1842852791_n4ud.jpg,https://www.etsy.com/in-en/listing/268112588/personalized-lucky-penny-keychain?ga_order=most_relevant&ga_search_type=all&ga_view_type=gallery&ga_search_query=&ref=sr_gallery-2-48&bes=1,4.8656,"5,087",8.50,United States
"Custom Engraved Office Sign, Personalised Door Office Sign, Plaque, Business Name Sign, Home Sign.",https://i.etsystatic.com/14103036/d/il/138c05/1245797297/il_340x270.1245797297_ncvx.jpg?version=0,https://www.etsy.com/in-en/listing/530319061/custom-engraved-office-sign-personalised?ga_order=most_relevant&ga_search_type=all&ga_view_type=gallery&ga_search_query=&ref=sr_gallery-3-1&bes=1&col=1,4.8987,290,11.50,United States
Yearly Bucket List  - Planner Stickers for Erin Condren Life Planners - D2,https://i.etsystatic.com/9724700/d/il/45b7f6/1117770299/il_340x270.1117770299_pgq0.jpg?version=0,https://www.etsy.com/in-en/listing/259419369/yearly-bucket-list-planner-stickers-for?ga_order=most_relevant&ga_search_type=all&ga_view_type=gallery&ga_search_query=&ref=sr_gallery-3-2,4.9764,"22,131",9.10,United States
"Gold, Rose Gold or Silver  elephant  necklace...dainty handmade necklace, everyday, simple, birthday",https://i.etsystatic.com/7725980/d/il/7a69a7/1110013281/il_340x270.1110013281_6hrt.jpg?version=1,https://www.etsy.com/in-en/listing/512229163/gold-rose-gold-or-silver-elephant?ga_order=most_relevant&ga_search_type=all&ga_view_type=gallery&ga_search_query=&ref=sr_gallery-3-3&bes=1&col=1,4.9414,"5,451",18.95,United States
Forest Print/ Forest Photography/ Forest Wall Art/ Nature Prints/ Forest Art/ Wilderness Poster/ Woodland Prints/ Modern/ Printable Art,https://i.etsystatic.com/15046796/c/2032/1614/247/256/il/c4f869/1246485570/il_340x270.1246485570_53vm.jpg,https://www.etsy.com/in-en/listing/544832311/forest-print-forest-photography-forest?ga_order=most_relevant&ga_search_type=all&ga_view_type=gallery&ga_search_query=&ref=sr_gallery-3-4,4.9834,648,6.66,United States
"Navy Blue Bridal Hair Comb, Gold Navy Blue Wedding, Something Blue Wedding, Flower Hair Comb, Gold Dusky Blue Ivory Rose Gold Leaf Hair Comb",https://i.etsystatic.com/6031543/d/il/1ae3ac/629074708/il_340x270.629074708_etns.jpg?version=3,https://www.etsy.com/in-en/listing/196720772/navy-blue-bridal-hair-comb-gold-navy?ga_order=most_relevant&ga_search_type=all&ga_view_type=gallery&ga_search_query=&ref=sr_gallery-3-5,4.8881,"6,828",40.00,United States
Freshwater Pearl Earrings 10mm-Minimalist pearl earrings-White Gold-Bridal Earrings-Wedding Jewelry-Pearl studs-Bridal jewelry-Birthday gift,https://i.etsystatic.com/8484655/d/il/e4c855/1002653433/il_340x270.1002653433_kzv4.jpg?version=0,https://www.etsy.com/in-en/listing/557402734/freshwater-pearl-earrings-10mm?ga_order=most_relevant&ga_search_type=all&ga_view_type=gallery&ga_search_query=&ref=sr_gallery-3-6&frs=1&col=1,4.9167,80,300.00,United States
"Scandi Poster, Line Drawing, Line Drawing Print, Minimal Poster Art, Affiche Scandinave, Scandinavian Prints, Affiches, Minimalist Poster",https://i.etsystatic.com/11396539/c/921/732/139/333/il/c3c42e/1558847002/il_340x270.1558847002_gc2h.jpg,https://www.etsy.com/in-en/listing/492967883/scandi-poster-line-drawing-line-drawing?ga_order=most_relevant&ga_search_type=all&ga_view_type=gallery&ga_search_query=&ref=sr_gallery-3-7,4.9851,365,7.78,United States
"HERE comes the SUN - As seen in Pottery Barn,Minimal Art Mid Century art Wall Art - Rococco-LA print",https://i.etsystatic.com/6509690/c/570/452/0/122/il/990ee4/1252772170/il_340x270.1252772170_pelf.jpg,https://www.etsy.com/in-en/listing/532682410/here-comes-the-sun-as-seen-in-pottery?ga_order=most_relevant&ga_search_type=all&ga_view_type=gallery&ga_search_query=&ref=sr_gallery-3-8&cns=1,4.7222,427,19.00,United States
Leather Tote Bag - Personalized Tote with Zipper Option Leather Tote Pocket for Women Zipper Available Leather Tote SALE monogram Bag Purse,https://i.etsystatic.com/10046543/c/1428/1134/54/120/il/46829c/1874269513/il_340x270.1874269513_sbhd.jpg,https://www.etsy.com/in-en/listing/488833375/leather-tote-bag-personalized-tote-with?ga_order=most_relevant&ga_search_type=all&ga_view_type=gallery&ga_search_query=&ref=sr_gallery-3-9&pro=1&col=1,4.9596,"19,594",98.00,United States
"Anatomy science stickers set, perfect as a gift for medical students STC001",https://i.etsystatic.com/6193270/d/il/21409f/1181482563/il_340x270.1181482563_hmu2.jpg?version=0,https://www.etsy.com/in-en/listing/507704221/anatomy-science-stickers-set-perfect-as?ga_order=most_relevant&ga_search_type=all&ga_view_type=gallery&ga_search_query=&ref=sr_gallery-3-10&pro=1,4.9158,"6,834",8.09,United States
Wedding please sign wedding sign rustic wedding decor wedding guest book sign wedding decoration rustic wedding sign (Frame NOT included),https://i.etsystatic.com/10083918/d/il/588a55/737348024/il_340x270.737348024_ftpy.jpg?version=0,https://www.etsy.com/in-en/listing/225098132/wedding-please-sign-wedding-sign-rustic?ga_order=most_relevant&ga_search_type=all&ga_view_type=gallery&ga_search_query=&ref=sr_gallery-3-11&bes=1,4.9706,"15,795",4.00,United States
A5 Planner Inserts Budget Planner Filofax A5 Financial Planner Printable Finance Planner Budget printable Instant Download budget journal,https://i.etsystatic.com/9331483/c/2684/2131/0/67/il/9d86be/1364622190/il_340x270.1364622190_d48h.jpg,https://www.etsy.com/in-en/listing/461405314/a5-planner-inserts-budget-planner?ga_order=most_relevant&ga_search_type=all&ga_view_type=gallery&ga_search_query=&ref=sr_gallery-3-12&pro=1,4.91,"1,478",2.94,United States
Wedding Gift for Bride Husband Gift Anniversary Gifts for Men Personalized Wedding Gifts for Couple Anniversary Gifts unique gifts for man,https://i.etsystatic.com/10292589/c/1500/1192/0/92/il/51a66e/1167778517/il_340x270.1167778517_fvtz.jpg,https://www.etsy.com/in-en/listing/458973926/wedding-gift-for-bride-husband-gift?ga_order=most_relevant&ga_search_type=all&ga_view_type=gallery&ga_search_query=&ref=sr_gallery-3-13&bes=1,4.9571,"9,177",14.00,United States
"Ice Cream Invitation, Ice Cream Birthday Invitation, Ice Cream Party, Ice Cream Invites, Ice Cream Social, Printables, Digital, Personalized",https://i.etsystatic.com/14190397/d/il/df0e58/1199794876/il_340x270.1199794876_krq2.jpg?version=0,https://www.etsy.com/in-en/listing/485443478/ice-cream-invitation-ice-cream-birthday?ga_order=most_relevant&ga_search_type=all&ga_view_type=gallery&ga_search_query=&ref=sr_gallery-3-14&frs=1,4.9927,"6,126",8.99,United States
"Sterling Silver Chain, Silver Box Chain, Cable Chain, Jewelry Chain, Chain Necklace, Long Silver Necklace, 925 Solid, Finished Chain",https://i.etsystatic.com/10537501/d/il/94d047/1002492546/il_340x270.1002492546_ll50.jpg?version=0,https://www.etsy.com/in-en/listing/465045703/sterling-silver-chain-silver-box-chain?ga_order=most_relevant&ga_search_type=all&ga_view_type=gallery&ga_search_query=&ref=sr_gallery-3-15&pro=1,4.8647,"1,675",18.37,United States
Stack the Cats! Cat lover gift. Bag of twelve mini wooden cats,https://i.etsystatic.com/12637005/c/2122/1685/62/972/il/468ac2/1351478740/il_340x270.1351478740_ci90.jpg,https://www.etsy.com/in-en/listing/465556186/stack-the-cats-cat-lover-gift-bag-of?ga_order=most_relevant&ga_search_type=all&ga_view_type=gallery&ga_search_query=&ref=sr_gallery-3-16&bes=1,4.9612,443,16.17,United States
Tiny Gold Name Necklace-Gold Necklace-Name Necklace-Personalized Necklace -Name Jewelry-Personalized Gift-Gold Jewelry-Personalized Jewelry,https://i.etsystatic.com/12310706/c/952/757/0/97/il/6fb302/1109929966/il_340x270.1109929966_b9uz.jpg,https://www.etsy.com/in-en/listing/492626789/tiny-gold-name-necklace-gold-necklace?ga_order=most_relevant&ga_search_type=all&ga_view_type=gallery&ga_search_query=&ref=sr_gallery-3-17&pro=1&col=1,4.4992,"4,372",24.80,United States
Light Ivory Lace Flower Girl Dress Light Ivory Baby Girl Dress Lace Tulle Flower Girl Dress With Navy Sash/Bows Floor-length,https://i.etsystatic.com/8065067/c/847/673/68/65/il/56ee8f/1223000511/il_340x270.1223000511_3xof.jpg,https://www.etsy.com/in-en/listing/479496212/light-ivory-lace-flower-girl-dress-light?ga_order=most_relevant&ga_search_type=all&ga_view_type=gallery&ga_search_query=&ref=sr_gallery-3-18&pro=1&frs=1&col=1,4.9565,484,69.30,United States
"Personalized Steel Tumbler, Skinny Steel Tumbler, Custom Tumbler, Stainless Steel Engraved Tumbler, Stainless Steel Cup, Tumbler with Name",https://i.etsystatic.com/9812596/c/575/457/88/22/il/657949/1977646507/il_340x270.1977646507_d5zz.jpg,https://www.etsy.com/in-en/listing/504921236/personalized-steel-tumbler-skinny-steel?ga_order=most_relevant&ga_search_type=all&ga_view_type=gallery&ga_search_query=&ref=sr_gallery-3-19&bes=1&col=1,4.9063,"3,872",16.50,United States
"Fall Bridal Shower Invitation: Fall in Love, Autumn Bridal Shower Invite, Pumpkin, Gold & White Roses, Printed or Printable - Design Fall 2",https://i.etsystatic.com/9603551/d/il/fcf1c1/1275587143/il_340x270.1275587143_7erk.jpg?version=0,https://www.etsy.com/in-en/listing/539402383/fall-bridal-shower-invitation-fall-in?ga_order=most_relevant&ga_search_type=all&ga_view_type=gallery&ga_search_query=&ref=sr_gallery-3-20&frs=1,4.9694,"4,669",1.00,United States
Turquoise green cotton canvas messenger bag / shoulder bag / bird messenger /diaper bag / cross body bag,https://i.etsystatic.com/6102692/d/il/5432c4/936685316/il_340x270.936685316_ryxn.jpg?version=0,https://www.etsy.com/in-en/listing/103007547/turquoise-green-cotton-canvas-messenger?ga_order=most_relevant&ga_search_type=all&ga_view_type=gallery&ga_search_query=&ref=sr_gallery-3-21&pro=1&frs=1&col=1,4.9577,967,40.80,United States
"Sage Green Pearl Earrings with Gold Flower, Olivine Sage Green Wedding Bridal Earrings, Gift for Wife Girlfriend Mom daughter sister for her",https://i.etsystatic.com/6031543/c/763/606/160/250/il/c6cdd3/1418202047/il_340x270.1418202047_m5u4.jpg,https://www.etsy.com/in-en/listing/225663268/sage-green-pearl-earrings-with-gold?ga_order=most_relevant&ga_search_type=all&ga_view_type=gallery&ga_search_query=&ref=sr_gallery-3-22&bes=1,4.8881,"6,828",29.00,United States
Pashmina scarf blush - blush bridesmaid's gift - blush bridesmaid scarf - blush wedding shawl - light pink party favors - pink wedding shawl,https://i.etsystatic.com/9139515/d/il/85e74c/1688208141/il_340x270.1688208141_dews.jpg?version=0,https://www.etsy.com/in-en/listing/487675574/pashmina-scarf-blush-blush-bridesmaids?ga_order=most_relevant&ga_search_type=all&ga_view_type=gallery&ga_search_query=&ref=sr_gallery-3-23&pro=1&col=1,4.9379,"7,888",4.25,United States
"bridesmaid dress, maxi dress, empire waist dress, party dress, romantic dress, floor length dress, custom made dress, prom dress 1492#",https://i.etsystatic.com/5609612/d/il/0f385b/992188973/il_340x270.992188973_g9u7.jpg?version=1,https://www.etsy.com/in-en/listing/196699003/bridesmaid-dress-maxi-dress-empire-waist?ga_order=most_relevant&ga_search_type=all&ga_view_type=gallery&ga_search_query=&ref=sr_gallery-3-24&bes=1&col=1,4.78615678392,"9,944",109.00,United States
Tiny Star Trio Constellation Sterling Silver Dainty Stud Earrings  Y4,https://i.etsystatic.com/10967397/d/il/8fea9f/1179600026/il_340x270.1179600026_jcgl.jpg?version=0,https://www.etsy.com/in-en/listing/510673598/tiny-star-trio-constellation-sterling?ga_order=most_relevant&ga_search_type=all&ga_view_type=gallery&ga_search_query=&ref=sr_gallery-3-25&bes=1,4.9018,"4,083",8.22,United States
Personalized Minky Baby Blanket or Lovey - Premier Dandelion Cuddle Silver/Snow - Baby Girl - Custom Made - Double Minky- gray and pink,https://i.etsystatic.com/8500608/d/il/9fef90/836928814/il_340x270.836928814_r4g1.jpg?version=1,https://www.etsy.com/in-en/listing/248716823/personalized-minky-baby-blanket-or-lovey?ga_order=most_relevant&ga_search_type=all&ga_view_type=gallery&ga_search_query=&ref=sr_gallery-3-26&bes=1&col=1,4.9491,"5,529",13.00,United States
Nike Air Max 90 Blue Galaxy Style Painted Custom Shoes Sneaker Airbrush Kicks rare schuhe *UNIKAT* handpainted shoes dripping swoosh,https://i.etsystatic.com/10236127/d/il/3d1f04/1159992733/il_340x270.1159992733_38ga.jpg?version=0,https://www.etsy.com/in-en/listing/465465710/nike-air-max-90-blue-galaxy-style?ga_order=most_relevant&ga_search_type=all&ga_view_type=gallery&ga_search_query=&ref=sr_gallery-3-27&frs=1,4.5263,65,345.74,United States
Construction birthday - Construction party signs - construction birthday party decorations - DIY Instant download construction decor,https://i.etsystatic.com/6850422/c/1020/811/274/231/il/810f99/627044126/il_340x270.627044126_iz09.jpg,https://www.etsy.com/in-en/listing/188870537/construction-birthday-construction-party?ga_order=most_relevant&ga_search_type=all&ga_view_type=gallery&ga_search_query=&ref=sr_gallery-3-28,4.8733,"3,955",9.44,United States
"Penis Confetti- Gold Glitter, Rose Gold, Pink, Rainbow- Bachelorette Party Penis Confetti, Hens Penis Confetti, Same Penis Forever",https://i.etsystatic.com/11894332/c/570/452/0/182/il/47f779/1302531878/il_340x270.1302531878_ii4c.jpg,https://www.etsy.com/in-en/listing/485784881/penis-confetti-gold-glitter-rose-gold?ga_order=most_relevant&ga_search_type=all&ga_view_type=gallery&ga_search_query=&ref=sr_gallery-3-29&bes=1&col=1,4.9445,"5,691",3.00,United States
"Anklet Waterproof Waxed Cord, Ankle Bracelet, Silver Charm, Turtle Starfish Mermaid Shell Elephant Lotus, Adjustable Macrame Knot, 18 colors",https://i.etsystatic.com/7927997/c/600/476/0/63/il/d8bdc1/1794013837/il_340x270.1794013837_hf9z.jpg,https://www.etsy.com/in-en/listing/520152741/anklet-waterproof-waxed-cord-ankle?ga_order=most_relevant&ga_search_type=all&ga_view_type=gallery&ga_search_query=&ref=sr_gallery-3-30&bes=1&col=1,4.9271,"2,681",7.50,United States
What's Your Pirate Name Printable - Gasparilla,https://i.etsystatic.com/14323826/d/il/5e0951/1159736313/il_340x270.1159736313_muhv.jpg?version=0,https://www.etsy.com/in-en/listing/488737882/whats-your-pirate-name-printable?ga_order=most_relevant&ga_search_type=all&ga_view_type=gallery&ga_search_query=&ref=sr_gallery-3-31&bes=1,5,44,2.95,United States
Promoted to Big Brother Shirt. Pregnancy Announcement Shirt. Big Brother Shirt. Pregnancy Reveal Shirt. Big Brother Announcement Shirt.,https://i.etsystatic.com/9973248/c/1481/1176/55/68/il/22c415/1324765907/il_340x270.1324765907_bd32.jpg,https://www.etsy.com/in-en/listing/552957195/promoted-to-big-brother-shirt-pregnancy?ga_order=most_relevant&ga_search_type=all&ga_view_type=gallery&ga_search_query=&ref=sr_gallery-3-32&bes=1&col=1,4.9146,"5,306",15.95,United States
Fan-made Advanced Potion Making Harry Potter inspired personalized hardcover journal notebook,https://i.etsystatic.com/9965201/d/il/c30b00/1333633160/il_340x270.1333633160_plxl.jpg?version=0,https://www.etsy.com/in-en/listing/567456589/fan-made-advanced-potion-making-harry?ga_order=most_relevant&ga_search_type=all&ga_view_type=gallery&ga_search_query=&ref=sr_gallery-3-33&bes=1&col=1,4.8631,"1,109",10.41,United States
Lilly Pulitzer Inspired Monogrammed Acrylic Key Chains,https://i.etsystatic.com/9281586/c/2610/2073/197/0/il/18809f/1569505512/il_340x270.1569505512_erbf.jpg,https://www.etsy.com/in-en/listing/464704502/lilly-pulitzer-inspired-monogrammed?ga_order=most_relevant&ga_search_type=all&ga_view_type=gallery&ga_search_query=&ref=sr_gallery-3-34&bes=1&col=1,4.9667,662,7.00,United States
"Cork business card case, many colors. Business card holder.",https://i.etsystatic.com/13329754/d/il/c7a108/1367607233/il_340x270.1367607233_9ag7.jpg?version=0,https://www.etsy.com/in-en/listing/535954367/cork-business-card-case-many-colors?ga_order=most_relevant&ga_search_type=all&ga_view_type=gallery&ga_search_query=&ref=sr_gallery-3-35&bes=1&col=1,4.9918,237,15.00,United States
"14k Gold Fill Chain, Sterling Silver Replacement Chain,Dainty Chain for Charm or Bar Necklace, Simple Chain Necklace, LEILAJewelryshop, N226",https://i.etsystatic.com/10934823/d/il/90c008/1228369271/il_340x270.1228369271_odcq.jpg?version=0,https://www.etsy.com/in-en/listing/465115594/14k-gold-fill-chain-sterling-silver?ga_order=most_relevant&ga_search_type=all&ga_view_type=gallery&ga_search_query=&ref=sr_gallery-3-36,4.9553,"5,837",16.00,United States
"Red Mickey Minnie Mouse Ears, Rose Gold Ears, Halloween Mouse Ears, Blue Purple Silver Gold Rainbow Sequin Bow, Bachelorette Party Headband",https://i.etsystatic.com/8171426/d/il/795792/1688762502/il_340x270.1688762502_g4vo.jpg?version=0,https://www.etsy.com/in-en/listing/562753009/red-mickey-minnie-mouse-ears-rose-gold?ga_order=most_relevant&ga_search_type=all&ga_view_type=gallery&ga_search_query=&ref=sr_gallery-3-37&bes=1&col=1,4.8767,"10,598",8.99,United States
8 mm Chakra Bracelet - Yoga Jewelry - Mala Beads - Gemstone Jewelry - Energy Bracelet - Chakra Jewelry - Yoga Bracelet - Mala Prayer Beads,https://i.etsystatic.com/13140822/c/875/695/36/0/il/543e95/1677148744/il_340x270.1677148744_g8s2.jpg,https://www.etsy.com/in-en/listing/398800487/8-mm-chakra-bracelet-yoga-jewelry-mala?ga_order=most_relevant&ga_search_type=all&ga_view_type=gallery&ga_search_query=&ref=sr_gallery-3-38,4.8545,466,21.70,United States
"Lower case Initial Necklace,Letter Necklace, Alphabet Necklace, Gold Pendants Necklace,Personalized Graduation Gift for Her, Bridesmaid Gift",https://i.etsystatic.com/14423583/c/1565/1242/420/249/il/c4c5ee/1871446939/il_340x270.1871446939_93cg.jpg,https://www.etsy.com/in-en/listing/493173928/lower-case-initial-necklaceletter?ga_order=most_relevant&ga_search_type=all&ga_view_type=gallery&ga_search_query=&ref=sr_gallery-3-39,4.8958,"1,914",13.99,United States
"Personalised Papercut On Your Wedding Day Card, Laser Cut Wedding Card, Paper Cut Card for Weddings, sku_On_Your_Wedding_Day",https://i.etsystatic.com/5963140/d/il/41e4a3/1836643505/il_340x270.1836643505_msvt.jpg?version=0,https://www.etsy.com/in-en/listing/521374388/personalised-papercut-on-your-wedding?ga_order=most_relevant&ga_search_type=all&ga_view_type=gallery&ga_search_query=&ref=sr_gallery-3-40&col=1,4.9941,"2,036",6.79,United States
butterfly monogram SVG DXF monogram frames instant download svg files for silhouette designs cameo cricut cut file PNG Clipart Svg Summer,https://i.etsystatic.com/12074342/d/il/3e4c4b/990220668/il_340x270.990220668_rfum.jpg?version=0,https://www.etsy.com/in-en/listing/386085886/butterfly-monogram-svg-dxf-monogram?ga_order=most_relevant&ga_search_type=all&ga_view_type=gallery&ga_search_query=&ref=sr_gallery-3-41,4.9767,597,3.30,United States
Funny Birthday Card - Funny Friend Card - Best Friend Card - Boyfriend Birthday Card - Friend Birthday Card - Funny Greeting Cards,https://i.etsystatic.com/9033412/d/il/e8a105/934970331/il_340x270.934970331_qqil.jpg?version=0,https://www.etsy.com/in-en/listing/271219022/funny-birthday-card-funny-friend-card?ga_order=most_relevant&ga_search_type=all&ga_view_type=gallery&ga_search_query=&ref=sr_gallery-3-42&pro=1,4.9881,"3,884",3.73,United States
Who has the Groom? Scratch off Bridal Shower Game. Funny Bridal Shower Game,https://i.etsystatic.com/8304426/d/il/f6bff6/930431238/il_340x270.930431238_qwz2.jpg?version=0,https://www.etsy.com/in-en/listing/507935031/who-has-the-groom-scratch-off-bridal?ga_order=most_relevant&ga_search_type=all&ga_view_type=gallery&ga_search_query=&ref=sr_gallery-3-43&bes=1,4.792,"1,931",10.00,United States
Loose Linen jumpsuit / Charcoal washed  linen jumpsuit / Washed linen overall,https://i.etsystatic.com/9341357/d/il/62a4fb/934712835/il_340x270.934712835_b2yh.jpg?version=0,https://www.etsy.com/in-en/listing/271160194/loose-linen-jumpsuit-charcoal-washed?ga_order=most_relevant&ga_search_type=all&ga_view_type=gallery&ga_search_query=&ref=sr_gallery-3-44&bes=1&col=1,4.9563,"17,622",94.82,United States
Burlap Bridal Shower Gift for Bride Gift Personalized Wedding Gift for Couple Bridal Shower Decor Wedding Shower Gift Mr Mrs Wedding Sign,https://i.etsystatic.com/8376336/c/720/572/33/233/il/1c6a86/1621981095/il_340x270.1621981095_m0y8.jpg,https://www.etsy.com/in-en/listing/184907949/burlap-bridal-shower-gift-for-bride-gift?ga_order=most_relevant&ga_search_type=all&ga_view_type=gallery&ga_search_query=&ref=sr_gallery-3-45,4.8929,"6,849",19.99,United States
Personalised Music Box | Pine Laser Cut |  New Baby Gift Or Christening Gift | You Are My Sunshine | Worldwide Shipping,https://i.etsystatic.com/5827725/d/il/5d3890/1161852347/il_340x270.1161852347_4n71.jpg?version=0,https://www.etsy.com/in-en/listing/489502290/personalised-music-box-pine-laser-cut?ga_order=most_relevant&ga_search_type=all&ga_view_type=gallery&ga_search_query=&ref=sr_gallery-3-46&bes=1,4.8563,666,18.76,United States
Customized Bracelet for Women Personalized Bracelet Charm Bracelet Best Gifts Maid of Honor Gift Flower Girl Mother of the Bride - KBR,https://i.etsystatic.com/10158348/d/il/a13f07/1438043877/il_340x270.1438043877_kpju.jpg?version=0,https://www.etsy.com/in-en/listing/544834805/customized-bracelet-for-women?ga_order=most_relevant&ga_search_type=all&ga_view_type=gallery&ga_search_query=&ref=sr_gallery-3-47&pro=1,4.8875,"44,417",9.99,United States
"Claus the Scandinavian Christmas Gnome PATTERN by NORDIKatja , do it yourself, DIY , PDF download pattern for Tomte or Nisse",https://i.etsystatic.com/15370545/d/il/732296/1284323258/il_340x270.1284323258_kikk.jpg?version=0,https://www.etsy.com/in-en/listing/539987824/claus-the-scandinavian-christmas-gnome?ga_order=most_relevant&ga_search_type=all&ga_view_type=gallery&ga_search_query=&ref=sr_gallery-3-48&pro=1,4.9764,227,7.02,United States
